{"cameraMode":{"drawMode":0,"name":"Shaded","section":"Shading Mode"},"sceneLighting":true,"audioPlay":false,"sceneViewState":{"m_AlwaysRefresh":false,"showFog":true,"showSkybox":true,"showFlares":true,"showImageEffects":true,"showParticleSystems":true,"showVisualEffectGraphs":true,"m_FxEnabled":true},"in2DMode":false,"pivot":{"x":-6.6639580726623539,"y":2.1129066944122316,"z":13.422562599182129},"rotation":{"x":-0.06504053622484207,"y":0.9085569977760315,"z":-0.1543780118227005,"w":-0.38273295760154726},"size":2.815531015396118,"orthographic":false}