{"cameraMode":{"drawMode":0,"name":"Shaded","section":"Shading Mode"},"sceneLighting":true,"audioPlay":false,"sceneViewState":{"m_AlwaysRefresh":false,"showFog":true,"showSkybox":true,"showFlares":true,"showImageEffects":true,"showParticleSystems":true,"showVisualEffectGraphs":true,"m_FxEnabled":true},"in2DMode":false,"pivot":{"x":23.835981369018556,"y":1.8506911993026734,"z":10.957595825195313},"rotation":{"x":-0.34961187839508059,"y":0.6454131603240967,"z":-0.42777177691459658,"w":-0.5274908542633057},"size":14.433939933776856,"orthographic":false}